{
    "template": {
        "name": "luxgamers",
        "slug": "luxgamers",
        "description": "default content template",
        "use_manifest": false,
        "preview_image": "https://www.toocss.com/wp-content/uploads/2023/05/lugx-toocss.jpg",
        "css_file": "css/fontawesome.css,css/fontawesome.css,css/templatemo-lugx-gaming.css,css/owl.css,css/animate.css,https://unpkg.com/swiper@7/swiper-bundle.min.css, css/bootstrap.min.css",
        "js_file": "js/jquery.min.js,js/bootstrap.min.js,js/isotope.min.js,js/owl-carousel.js,js/counter.js,js/custom.js"
    },
    "file_copy_paths": [
        {
            "from": "template/luxgamers/assets/images",
            "to": "onix/editor/pages/assets/images"
        },
        {
            "from": "template/luxgamers/assets/images",
            "to": "vendor/Onix/luxgamers/images"
        },
        {
            "from": "template/luxgamers/assets/webfonts",
            "to": "vendor/Onix/luxgamers/webfonts"
        },
        {
            "from": "template/luxgamers/vendor/bootstrap/js",
            "to": "vendor/Onix/luxgamers/js"
        },
        {
            "from": "template/luxgamers/assets/images",
            "to": "onix/assets/images"
        }
    ]
}
